Rank,Product,Review Count,Price
1,"Amazon Fire TV Stick 4K (newest model) with AI-powered Fire TV Search, Wi-Fi 6, stream over 1.5 million movies and shows, free & live TV",43582,21.99
1,"Amazon Fire TV Stick 4K (newest model) with AI-powered Fire TV Search, Wi-Fi 6, stream over 1.5 million movies and shows, free & live TV",43582,21.99
2,Apple AirTag,12826,19.19
3,"Apple AirPods Pro 2 Wireless Earbuds, Bluetooth Headphones, Active Noise Cancellation, Hearing Aid Feature, Transparency, Personalized Spatial Audio, High-Fidelity Sound, H2 Chip, USB-C Charging",10474,181.44
4,Apple AirTag 4 Pack,6003,79.18
5,"Amazon Fire TV Stick 4K Max streaming device (newest model) supports Wi-Fi 6E, free & live TV without cable or satellite",37563,32.99
6,"Amazon Fire TV Stick HD (newest model), free and live TV, Alexa Voice Remote, smart home controls, HD streaming",191,17.99
7,"Blink Video Doorbell (newest model), Two-way audio, HD video, motion and chime app alerts and Alexa enabled â€” wired or wire-free (Black)",152189,29.99
8,"Roku Streaming Stick 4K | Portable Roku Streaming Device 4K/HDR/Dolby Vision, Roku Voice Remote, Free & Live TV",82901,33.0
9,"6 Ft Surge Protector Power Strip - 8 Widely Outlets with 4 USB Ports, 3 Side Outlet Extender with 6 Feet Extension Cord, Flat Plug, Wall Mount, Desk USB Charging Station, ETL,White",28712,12.46
